<?xml version="1.0" encoding="UTF-8"?>
<project-private xmlns="http://www.netbeans.org/ns/project-private/1">
    <data xmlns="http://www.netbeans.org/ns/make-project-private/1">
        <activeConfTypeElem>1</activeConfTypeElem>
        <activeConfIndexElem>0</activeConfIndexElem>
    </data>
    <editor-bookmarks xmlns="http://www.netbeans.org/ns/editor-bookmarks/2" lastBookmarkId="1">
        <file>
            <url>competitors.c</url>
            <bookmark id="1">
                <name/>
                <line>9</line>
                <key/>
            </bookmark>
        </file>
    </editor-bookmarks>
    <open-files xmlns="http://www.netbeans.org/ns/projectui-open-files/1">
        <file>file:/berw/homes1/c/chs17/CS23710_Main_Mission/updater.c</file>
        <file>file:/berw/homes1/c/chs17/CS23710_Main_Mission/main.c</file>
    </open-files>
</project-private>
